drop view if exists PHONE_LIST;

SET @OLD_FOREIGN_KEY_CHECKS=@@FOREIGN_KEY_CHECKS, FOREIGN_KEY_CHECKS=0;
drop table if exists  country;
drop table if exists CUSTOMER;
drop table if exists department;
drop table if exists employee;
drop table if exists employee_project;
drop table if exists job;
drop table if exists project;
drop table if exists proj_dept_budget;
drop table if exists sales;
drop table if exists salary_history;
SET FOREIGN_KEY_CHECKS=@OLD_FOREIGN_KEY_CHECKS;


#Tables

CREATE TABLE COUNTRY (
                         COUNTRY   VARCHAR(15) NOT NULL,
                         CURRENCY  VARCHAR(10) NOT NULL
);



CREATE TABLE CUSTOMER (
                          CUST_NO         INTEGER NOT NULL AUTO_INCREMENT PRIMARY KEY,
                          CUSTOMER        VARCHAR(25) NOT NULL,
                          CONTACT_FIRST   VARCHAR(15),
                          CONTACT_LAST    VARCHAR(20),
                          PHONE_NO        VARCHAR(20),
                          ADDRESS_LINE1   VARCHAR(30),
                          ADDRESS_LINE2   VARCHAR(30),
                          CITY            VARCHAR(25),
                          STATE_PROVINCE  VARCHAR(15),
                          COUNTRY         VARCHAR(15),
                          POSTAL_CODE     VARCHAR(12),
                          ON_HOLD         CHAR(1)
);



CREATE TABLE DEPARTMENT (
                            DEPT_NO     CHAR(3) NOT NULL,
                            DEPARTMENT  VARCHAR(25) NOT NULL,
                            HEAD_DEPT   CHAR(3),
                            MNGR_NO     SMALLINT,
                            BUDGET      DECIMAL(12,2),
                            LOCATION    VARCHAR(15),
                            PHONE_NO    VARCHAR(20) DEFAULT '555-1234'
);

CREATE TABLE EMPLOYEE (
                          EMP_NO       SMALLINT NOT NULL AUTO_INCREMENT PRIMARY KEY,
                          FIRST_NAME   VARCHAR(15) NOT NULL,
                          LAST_NAME    VARCHAR(20) NOT NULL,
                          PHONE_EXT    VARCHAR(4),
                          HIRE_DATE    DATE NOT NULL DEFAULT CURRENT_DATE,
                          DEPT_NO      CHAR(3) NOT NULL,
                          JOB_CODE     VARCHAR(5) NOT NULL,
                          JOB_GRADE    SMALLINT NOT NULL,
                          JOB_COUNTRY  VARCHAR(15) NOT NULL,
                          SALARY       NUMERIC(18,2) NOT NULL,
                          FULL_NAME    VARCHAR(50) GENERATED ALWAYS AS (CONCAT(LAST_NAME,  ', ', FIRST_NAME))
);



CREATE TABLE EMPLOYEE_PROJECT (
                                  EMP_NO   SMALLINT NOT NULL,
                                  PROJ_ID  CHAR(5) NOT NULL
);


CREATE TABLE JOB (
                     JOB_CODE         VARCHAR(5) NOT NULL,
                     JOB_GRADE        SMALLINT NOT NULL,
                     JOB_COUNTRY      VARCHAR(15) NOT NULL,
                     JOB_TITLE        VARCHAR(25) NOT NULL,
                     MIN_SALARY       NUMERIC(18,2) NOT NULL,
                     MAX_SALARY       NUMERIC(18,2) NOT NULL,
                     JOB_REQUIREMENT  BLOB ,
                     LANGUAGE_REQ     VARCHAR(15)
);



CREATE TABLE PROJ_DEPT_BUDGET (
                                  FISCAL_YEAR       INTEGER NOT NULL,
                                  PROJ_ID           CHAR(5) NOT NULL,
                                  DEPT_NO           CHAR(3) NOT NULL,
                                  QUART_HEAD_CNT    INTEGER,
                                  PROJECTED_BUDGET  DECIMAL(12,2)
);



CREATE TABLE PROJECT (
                         PROJ_ID      CHAR(5) NOT NULL,
                         PROJ_NAME    VARCHAR(20) NOT NULL,
                         PROJ_DESC    BLOB,
                         TEAM_LEADER  SMALLINT,
                         PRODUCT      VARCHAR(12)
);



CREATE TABLE SALARY_HISTORY (
                                EMP_NO          SMALLINT NOT NULL,
                                CHANGE_DATE     DATE NOT NULL, #DEFAULT CURRENT_DATE()
                                UPDATER_ID      VARCHAR(20) NOT NULL,
                                OLD_SALARY      NUMERIC(18,2) NOT NULL,
                                PERCENT_CHANGE  DOUBLE DEFAULT 0 NOT NULL,
                                NEW_SALARY      NUMERIC(18,2) GENERATED ALWAYS AS (ROUND(OLD_SALARY + OLD_SALARY * PERCENT_CHANGE / 100, 2))
);



CREATE TABLE SALES (
                       PO_NUMBER     CHAR(8) NOT NULL,
                       CUST_NO       INTEGER NOT NULL,
                       SALES_REP     SMALLINT,
                       ORDER_STATUS  VARCHAR(7) DEFAULT 'new' NOT NULL,
                       ORDER_DATE    DATE NOT NULL DEFAULT CURRENT_DATE,
                       SHIP_DATE     DATE,
                       DATE_NEEDED   DATE,
                       PAID          CHAR(1) DEFAULT 'n',
                       QTY_ORDERED   INTEGER DEFAULT 1 NOT NULL,
                       TOTAL_VALUE   DECIMAL(9,2) NOT NULL,
                       DISCOUNT      FLOAT DEFAULT 0 NOT NULL,
                       ITEM_TYPE     VARCHAR(12),
                       AGED          NUMERIC(18,9) GENERATED ALWAYS AS (DATEDIFF(SHIP_DATE,ORDER_DATE))
);




#Views


CREATE VIEW PHONE_LIST(
                       EMP_NO,
                       FIRST_NAME,
                       LAST_NAME,
                       PHONE_EXT,
                       LOCATION,
                       PHONE_NO)
AS
SELECT
    emp_no, first_name, last_name, phone_ext, location, phone_no
FROM employee, department
WHERE employee.dept_no = department.dept_no
;

INSERT INTO COUNTRY (COUNTRY, CURRENCY) VALUES ('USA', 'Dollar');
INSERT INTO COUNTRY (COUNTRY, CURRENCY) VALUES ('England', 'Pound');
INSERT INTO COUNTRY (COUNTRY, CURRENCY) VALUES ('Canada', 'CdnDlr');
INSERT INTO COUNTRY (COUNTRY, CURRENCY) VALUES ('Switzerland', 'SFranc');
INSERT INTO COUNTRY (COUNTRY, CURRENCY) VALUES ('Japan', 'Yen');
INSERT INTO COUNTRY (COUNTRY, CURRENCY) VALUES ('Italy', 'Lira');
INSERT INTO COUNTRY (COUNTRY, CURRENCY) VALUES ('France', 'FFranc');
INSERT INTO COUNTRY (COUNTRY, CURRENCY) VALUES ('Germany', 'D-Mark');
INSERT INTO COUNTRY (COUNTRY, CURRENCY) VALUES ('Australia', 'ADollar');
INSERT INTO COUNTRY (COUNTRY, CURRENCY) VALUES ('Hong Kong', 'HKDollar');
INSERT INTO COUNTRY (COUNTRY, CURRENCY) VALUES ('Netherlands', 'Guilder');
INSERT INTO COUNTRY (COUNTRY, CURRENCY) VALUES ('Belgium', 'BFranc');
INSERT INTO COUNTRY (COUNTRY, CURRENCY) VALUES ('Austria', 'Schilling');
INSERT INTO COUNTRY (COUNTRY, CURRENCY) VALUES ('Fiji', 'FDollar');

COMMIT WORK;

INSERT INTO CUSTOMER (CUST_NO, CUSTOMER, CONTACT_FIRST, CONTACT_LAST, PHONE_NO, ADDRESS_LINE1, ADDRESS_LINE2, CITY, STATE_PROVINCE, COUNTRY, POSTAL_CODE, ON_HOLD) VALUES (1001, 'Signature Design', 'Dale J.', 'Little', '(619) 530-2710', '15500 Pacific Heights Blvd.', NULL, 'San Diego', 'CA', 'USA', '92121', NULL);
INSERT INTO CUSTOMER (CUST_NO, CUSTOMER, CONTACT_FIRST, CONTACT_LAST, PHONE_NO, ADDRESS_LINE1, ADDRESS_LINE2, CITY, STATE_PROVINCE, COUNTRY, POSTAL_CODE, ON_HOLD) VALUES (1002, 'Dallas Technologies', 'Glen', 'Brown', '(214) 960-2233', 'P. O. Box 47000', NULL, 'Dallas', 'TX', 'USA', '75205', '*');
INSERT INTO CUSTOMER (CUST_NO, CUSTOMER, CONTACT_FIRST, CONTACT_LAST, PHONE_NO, ADDRESS_LINE1, ADDRESS_LINE2, CITY, STATE_PROVINCE, COUNTRY, POSTAL_CODE, ON_HOLD) VALUES (1003, 'Buttle, Griffith and Co.', 'James', 'Buttle', '(617) 488-1864', '2300 Newbury Street', 'Suite 101', 'Boston', 'MA', 'USA', '02115', NULL);
INSERT INTO CUSTOMER (CUST_NO, CUSTOMER, CONTACT_FIRST, CONTACT_LAST, PHONE_NO, ADDRESS_LINE1, ADDRESS_LINE2, CITY, STATE_PROVINCE, COUNTRY, POSTAL_CODE, ON_HOLD) VALUES (1004, 'Central Bank', 'Elizabeth', 'Brocket', '61 211 99 88', '66 Lloyd Street', NULL, 'Manchester', NULL, 'England', 'M2 3LA', NULL);
INSERT INTO CUSTOMER (CUST_NO, CUSTOMER, CONTACT_FIRST, CONTACT_LAST, PHONE_NO, ADDRESS_LINE1, ADDRESS_LINE2, CITY, STATE_PROVINCE, COUNTRY, POSTAL_CODE, ON_HOLD) VALUES (1005, 'DT Systems, LTD.', 'Tai', 'Wu', '(852) 850 43 98', '400 Connaught Road', NULL, 'Central Hong Kong', NULL, 'Hong Kong', NULL, NULL);
INSERT INTO CUSTOMER (CUST_NO, CUSTOMER, CONTACT_FIRST, CONTACT_LAST, PHONE_NO, ADDRESS_LINE1, ADDRESS_LINE2, CITY, STATE_PROVINCE, COUNTRY, POSTAL_CODE, ON_HOLD) VALUES (1006, 'DataServe International', 'Tomas', 'Bright', '(613) 229 3323', '2000 Carling Avenue', 'Suite 150', 'Ottawa', 'ON', 'Canada', 'K1V 9G1', NULL);
INSERT INTO CUSTOMER (CUST_NO, CUSTOMER, CONTACT_FIRST, CONTACT_LAST, PHONE_NO, ADDRESS_LINE1, ADDRESS_LINE2, CITY, STATE_PROVINCE, COUNTRY, POSTAL_CODE, ON_HOLD) VALUES (1007, 'Mrs. Beauvais', NULL, 'Mrs. Beauvais', NULL, 'P.O. Box 22743', NULL, 'Pebble Beach', 'CA', 'USA', '93953', NULL);
INSERT INTO CUSTOMER (CUST_NO, CUSTOMER, CONTACT_FIRST, CONTACT_LAST, PHONE_NO, ADDRESS_LINE1, ADDRESS_LINE2, CITY, STATE_PROVINCE, COUNTRY, POSTAL_CODE, ON_HOLD) VALUES (1008, 'Anini Vacation Rentals', 'Leilani', 'Briggs', '(808) 835-7605', '3320 Lawai Road', NULL, 'Lihue', 'HI', 'USA', '96766', NULL);
INSERT INTO CUSTOMER (CUST_NO, CUSTOMER, CONTACT_FIRST, CONTACT_LAST, PHONE_NO, ADDRESS_LINE1, ADDRESS_LINE2, CITY, STATE_PROVINCE, COUNTRY, POSTAL_CODE, ON_HOLD) VALUES (1009, 'Max', 'Max', NULL, '22 01 23', '1 Emerald Cove', NULL, 'Turtle Island', NULL, 'Fiji', NULL, '*');
INSERT INTO CUSTOMER (CUST_NO, CUSTOMER, CONTACT_FIRST, CONTACT_LAST, PHONE_NO, ADDRESS_LINE1, ADDRESS_LINE2, CITY, STATE_PROVINCE, COUNTRY, POSTAL_CODE, ON_HOLD) VALUES (1010, 'MPM Corporation', 'Miwako', 'Miyamoto', '3 880 77 19', '2-64-7 Sasazuka', NULL, 'Tokyo', NULL, 'Japan', '150', NULL);
INSERT INTO CUSTOMER (CUST_NO, CUSTOMER, CONTACT_FIRST, CONTACT_LAST, PHONE_NO, ADDRESS_LINE1, ADDRESS_LINE2, CITY, STATE_PROVINCE, COUNTRY, POSTAL_CODE, ON_HOLD) VALUES (1011, 'Dynamic Intelligence Corp', 'Victor', 'Granges', '01 221 16 50', 'Florhofgasse 10', NULL, 'Zurich', NULL, 'Switzerland', '8005', NULL);
INSERT INTO CUSTOMER (CUST_NO, CUSTOMER, CONTACT_FIRST, CONTACT_LAST, PHONE_NO, ADDRESS_LINE1, ADDRESS_LINE2, CITY, STATE_PROVINCE, COUNTRY, POSTAL_CODE, ON_HOLD) VALUES (1012, '3D-Pad Corp.', 'Michelle', 'Roche', '1 43 60 61', '22 Place de la Concorde', NULL, 'Paris', NULL, 'France', '75008', NULL);
INSERT INTO CUSTOMER (CUST_NO, CUSTOMER, CONTACT_FIRST, CONTACT_LAST, PHONE_NO, ADDRESS_LINE1, ADDRESS_LINE2, CITY, STATE_PROVINCE, COUNTRY, POSTAL_CODE, ON_HOLD) VALUES (1013, 'Lorenzi Export, Ltd.', 'Andreas', 'Lorenzi', '02 404 6284', 'Via Eugenia, 15', NULL, 'Milan', NULL, 'Italy', '20124', NULL);
INSERT INTO CUSTOMER (CUST_NO, CUSTOMER, CONTACT_FIRST, CONTACT_LAST, PHONE_NO, ADDRESS_LINE1, ADDRESS_LINE2, CITY, STATE_PROVINCE, COUNTRY, POSTAL_CODE, ON_HOLD) VALUES (1014, 'Dyno Consulting', 'Greta', 'Hessels', '02 500 5940', 'Rue Royale 350', NULL, 'Brussels', NULL, 'Belgium', '1210', NULL);
INSERT INTO CUSTOMER (CUST_NO, CUSTOMER, CONTACT_FIRST, CONTACT_LAST, PHONE_NO, ADDRESS_LINE1, ADDRESS_LINE2, CITY, STATE_PROVINCE, COUNTRY, POSTAL_CODE, ON_HOLD) VALUES (1015, 'GeoTech Inc.', 'K.M.', 'Neppelenbroek', '(070) 44 91 18', 'P.0.Box 702', NULL, 'Den Haag', NULL, 'Netherlands', '2514', NULL);

COMMIT WORK;

INSERT INTO DEPARTMENT (DEPT_NO, DEPARTMENT, HEAD_DEPT, MNGR_NO, BUDGET, LOCATION, PHONE_NO) VALUES ('000', 'Corporate Headquarters', NULL, 105, 1000000, 'Monterey', '(408) 555-1234');
INSERT INTO DEPARTMENT (DEPT_NO, DEPARTMENT, HEAD_DEPT, MNGR_NO, BUDGET, LOCATION, PHONE_NO) VALUES ('100', 'Sales and Marketing', '000', 85, 2000000, 'San Francisco', '(415) 555-1234');
INSERT INTO DEPARTMENT (DEPT_NO, DEPARTMENT, HEAD_DEPT, MNGR_NO, BUDGET, LOCATION, PHONE_NO) VALUES ('600', 'Engineering', '000', 2, 1100000, 'Monterey', '(408) 555-1234');
INSERT INTO DEPARTMENT (DEPT_NO, DEPARTMENT, HEAD_DEPT, MNGR_NO, BUDGET, LOCATION, PHONE_NO) VALUES ('900', 'Finance', '000', 46, 400000, 'Monterey', '(408) 555-1234');
INSERT INTO DEPARTMENT (DEPT_NO, DEPARTMENT, HEAD_DEPT, MNGR_NO, BUDGET, LOCATION, PHONE_NO) VALUES ('180', 'Marketing', '100', NULL, 1500000, 'San Francisco', '(415) 555-1234');
INSERT INTO DEPARTMENT (DEPT_NO, DEPARTMENT, HEAD_DEPT, MNGR_NO, BUDGET, LOCATION, PHONE_NO) VALUES ('620', 'Software Products Div.', '600', NULL, 1200000, 'Monterey', '(408) 555-1234');
INSERT INTO DEPARTMENT (DEPT_NO, DEPARTMENT, HEAD_DEPT, MNGR_NO, BUDGET, LOCATION, PHONE_NO) VALUES ('621', 'Software Development', '620', NULL, 400000, 'Monterey', '(408) 555-1234');
INSERT INTO DEPARTMENT (DEPT_NO, DEPARTMENT, HEAD_DEPT, MNGR_NO, BUDGET, LOCATION, PHONE_NO) VALUES ('622', 'Quality Assurance', '620', 9, 300000, 'Monterey', '(408) 555-1234');
INSERT INTO DEPARTMENT (DEPT_NO, DEPARTMENT, HEAD_DEPT, MNGR_NO, BUDGET, LOCATION, PHONE_NO) VALUES ('623', 'Customer Support', '620', 15, 650000, 'Monterey', '(408) 555-1234');
INSERT INTO DEPARTMENT (DEPT_NO, DEPARTMENT, HEAD_DEPT, MNGR_NO, BUDGET, LOCATION, PHONE_NO) VALUES ('670', 'Consumer Electronics Div.', '600', 107, 1150000, 'Burlington, VT', '(802) 555-1234');
INSERT INTO DEPARTMENT (DEPT_NO, DEPARTMENT, HEAD_DEPT, MNGR_NO, BUDGET, LOCATION, PHONE_NO) VALUES ('671', 'Research and Development', '670', 20, 460000, 'Burlington, VT', '(802) 555-1234');
INSERT INTO DEPARTMENT (DEPT_NO, DEPARTMENT, HEAD_DEPT, MNGR_NO, BUDGET, LOCATION, PHONE_NO) VALUES ('672', 'Customer Services', '670', 94, 850000, 'Burlington, VT', '(802) 555-1234');
INSERT INTO DEPARTMENT (DEPT_NO, DEPARTMENT, HEAD_DEPT, MNGR_NO, BUDGET, LOCATION, PHONE_NO) VALUES ('130', 'Field Office: East Coast', '100', 11, 500000, 'Boston', '(617) 555-1234');
INSERT INTO DEPARTMENT (DEPT_NO, DEPARTMENT, HEAD_DEPT, MNGR_NO, BUDGET, LOCATION, PHONE_NO) VALUES ('140', 'Field Office: Canada', '100', 72, 500000, 'Toronto', '(416) 677-1000');
INSERT INTO DEPARTMENT (DEPT_NO, DEPARTMENT, HEAD_DEPT, MNGR_NO, BUDGET, LOCATION, PHONE_NO) VALUES ('110', 'Pacific Rim Headquarters', '100', 34, 600000, 'Kuaui', '(808) 555-1234');
INSERT INTO DEPARTMENT (DEPT_NO, DEPARTMENT, HEAD_DEPT, MNGR_NO, BUDGET, LOCATION, PHONE_NO) VALUES ('115', 'Field Office: Japan', '110', 118, 500000, 'Tokyo', '3 5350 0901');
INSERT INTO DEPARTMENT (DEPT_NO, DEPARTMENT, HEAD_DEPT, MNGR_NO, BUDGET, LOCATION, PHONE_NO) VALUES ('116', 'Field Office: Singapore', '110', NULL, 300000, 'Singapore', '3 55 1234');
INSERT INTO DEPARTMENT (DEPT_NO, DEPARTMENT, HEAD_DEPT, MNGR_NO, BUDGET, LOCATION, PHONE_NO) VALUES ('120', 'European Headquarters', '100', 36, 700000, 'London', '71 235-4400');
INSERT INTO DEPARTMENT (DEPT_NO, DEPARTMENT, HEAD_DEPT, MNGR_NO, BUDGET, LOCATION, PHONE_NO) VALUES ('121', 'Field Office: Switzerland', '120', 141, 500000, 'Zurich', '1 211 7767');
INSERT INTO DEPARTMENT (DEPT_NO, DEPARTMENT, HEAD_DEPT, MNGR_NO, BUDGET, LOCATION, PHONE_NO) VALUES ('123', 'Field Office: France', '120', 134, 400000, 'Cannes', '58 68 11 12');
INSERT INTO DEPARTMENT (DEPT_NO, DEPARTMENT, HEAD_DEPT, MNGR_NO, BUDGET, LOCATION, PHONE_NO) VALUES ('125', 'Field Office: Italy', '120', 121, 400000, 'Milan', '2 430 39 39');

COMMIT WORK;

INSERT INTO JOB (JOB_CODE, JOB_GRADE, JOB_COUNTRY, JOB_TITLE, MIN_SALARY, MAX_SALARY) VALUES ('CEO', 1, 'USA', 'Chief Executive Officer', 130000, 250000);
INSERT INTO JOB (JOB_CODE, JOB_GRADE, JOB_COUNTRY, JOB_TITLE, MIN_SALARY, MAX_SALARY) VALUES ('CFO', 1, 'USA', 'Chief Financial Officer', 85000, 140000);
INSERT INTO JOB (JOB_CODE, JOB_GRADE, JOB_COUNTRY, JOB_TITLE, MIN_SALARY, MAX_SALARY) VALUES ('VP', 2, 'USA', 'Vice President', 80000, 130000);
INSERT INTO JOB (JOB_CODE, JOB_GRADE, JOB_COUNTRY, JOB_TITLE, MIN_SALARY, MAX_SALARY) VALUES ('Dir', 2, 'USA', 'Director', 75000, 120000);
INSERT INTO JOB (JOB_CODE, JOB_GRADE, JOB_COUNTRY, JOB_TITLE, MIN_SALARY, MAX_SALARY) VALUES ('Mngr', 3, 'USA', 'Manager', 60000, 100000);
INSERT INTO JOB (JOB_CODE, JOB_GRADE, JOB_COUNTRY, JOB_TITLE, MIN_SALARY, MAX_SALARY) VALUES ('Mngr', 4, 'USA', 'Manager', 30000, 60000);
INSERT INTO JOB (JOB_CODE, JOB_GRADE, JOB_COUNTRY, JOB_TITLE, MIN_SALARY, MAX_SALARY) VALUES ('Admin', 4, 'USA', 'Administrative Assistant', 35000, 55000);
INSERT INTO JOB (JOB_CODE, JOB_GRADE, JOB_COUNTRY, JOB_TITLE, MIN_SALARY, MAX_SALARY) VALUES ('Admin', 5, 'USA', 'Administrative Assistant', 20000, 40000);
INSERT INTO JOB (JOB_CODE, JOB_GRADE, JOB_COUNTRY, JOB_TITLE, MIN_SALARY, MAX_SALARY) VALUES ('Admin', 5, 'England', 'Administrative Assistant', 13400, 26800);
INSERT INTO JOB (JOB_CODE, JOB_GRADE, JOB_COUNTRY, JOB_TITLE, MIN_SALARY, MAX_SALARY) VALUES ('PRel', 4, 'USA', 'Public Relations Rep.', 25000, 65000);
INSERT INTO JOB (JOB_CODE, JOB_GRADE, JOB_COUNTRY, JOB_TITLE, MIN_SALARY, MAX_SALARY) VALUES ('Mktg', 3, 'USA', 'Marketing Analyst', 40000, 80000);
INSERT INTO JOB (JOB_CODE, JOB_GRADE, JOB_COUNTRY, JOB_TITLE, MIN_SALARY, MAX_SALARY) VALUES ('Mktg', 4, 'USA', 'Marketing Analyst', 20000, 50000);
INSERT INTO JOB (JOB_CODE, JOB_GRADE, JOB_COUNTRY, JOB_TITLE, MIN_SALARY, MAX_SALARY) VALUES ('Accnt', 4, 'USA', 'Accountant', 28000, 55000);
INSERT INTO JOB (JOB_CODE, JOB_GRADE, JOB_COUNTRY, JOB_TITLE, MIN_SALARY, MAX_SALARY) VALUES ('Finan', 3, 'USA', 'Financial Analyst', 35000, 85000);
INSERT INTO JOB (JOB_CODE, JOB_GRADE, JOB_COUNTRY, JOB_TITLE, MIN_SALARY, MAX_SALARY) VALUES ('Eng', 2, 'USA', 'Engineer', 70000, 110000);
INSERT INTO JOB (JOB_CODE, JOB_GRADE, JOB_COUNTRY, JOB_TITLE, MIN_SALARY, MAX_SALARY) VALUES ('Eng', 3, 'USA', 'Engineer', 50000, 90000);
INSERT INTO JOB (JOB_CODE, JOB_GRADE, JOB_COUNTRY, JOB_TITLE, MIN_SALARY, MAX_SALARY) VALUES ('Eng', 3, 'Japan', 'Engineer', 5400000, 9720000);
INSERT INTO JOB (JOB_CODE, JOB_GRADE, JOB_COUNTRY, JOB_TITLE, MIN_SALARY, MAX_SALARY) VALUES ('Eng', 4, 'USA', 'Engineer', 30000, 65000);
INSERT INTO JOB (JOB_CODE, JOB_GRADE, JOB_COUNTRY, JOB_TITLE, MIN_SALARY, MAX_SALARY) VALUES ('Eng', 4, 'England', 'Engineer', 20100, 43550);
INSERT INTO JOB (JOB_CODE, JOB_GRADE, JOB_COUNTRY, JOB_TITLE, MIN_SALARY, MAX_SALARY) VALUES ('Eng', 5, 'USA', 'Engineer', 25000, 35000);
INSERT INTO JOB (JOB_CODE, JOB_GRADE, JOB_COUNTRY, JOB_TITLE, MIN_SALARY, MAX_SALARY) VALUES ('Doc', 3, 'USA', 'Technical Writer', 38000, 60000);
INSERT INTO JOB (JOB_CODE, JOB_GRADE, JOB_COUNTRY, JOB_TITLE, MIN_SALARY, MAX_SALARY) VALUES ('Doc', 5, 'USA', 'Technical Writer', 22000, 40000);
INSERT INTO JOB (JOB_CODE, JOB_GRADE, JOB_COUNTRY, JOB_TITLE, MIN_SALARY, MAX_SALARY) VALUES ('Sales', 3, 'USA', 'Sales Co-ordinator', 40000, 70000);
INSERT INTO JOB (JOB_CODE, JOB_GRADE, JOB_COUNTRY, JOB_TITLE, MIN_SALARY, MAX_SALARY) VALUES ('Sales', 3, 'England', 'Sales Co-ordinator', 26800, 46900);
INSERT INTO JOB (JOB_CODE, JOB_GRADE, JOB_COUNTRY, JOB_TITLE, MIN_SALARY, MAX_SALARY) VALUES ('SRep', 4, 'USA', 'Sales Representative', 20000, 100000);
INSERT INTO JOB (JOB_CODE, JOB_GRADE, JOB_COUNTRY, JOB_TITLE, MIN_SALARY, MAX_SALARY) VALUES ('SRep', 4, 'England', 'Sales Representative', 13400, 67000);
INSERT INTO JOB (JOB_CODE, JOB_GRADE, JOB_COUNTRY, JOB_TITLE, MIN_SALARY, MAX_SALARY) VALUES ('SRep', 4, 'Canada', 'Sales Representative', 26400, 132000);
INSERT INTO JOB (JOB_CODE, JOB_GRADE, JOB_COUNTRY, JOB_TITLE, MIN_SALARY, MAX_SALARY) VALUES ('SRep', 4, 'Switzerland', 'Sales Representative', 28000, 149000);
INSERT INTO JOB (JOB_CODE, JOB_GRADE, JOB_COUNTRY, JOB_TITLE, MIN_SALARY, MAX_SALARY) VALUES ('SRep', 4, 'Japan', 'Sales Representative', 2160000, 10800000);
INSERT INTO JOB (JOB_CODE, JOB_GRADE, JOB_COUNTRY, JOB_TITLE, MIN_SALARY, MAX_SALARY) VALUES ('SRep', 4, 'Italy', 'Sales Representative', 33600000, 168000000);
INSERT INTO JOB (JOB_CODE, JOB_GRADE, JOB_COUNTRY, JOB_TITLE, MIN_SALARY, MAX_SALARY) VALUES ('SRep', 4, 'France', 'Sales Representative', 118200, 591000);

COMMIT WORK;

INSERT INTO EMPLOYEE (EMP_NO, FIRST_NAME, LAST_NAME, PHONE_EXT, HIRE_DATE, DEPT_NO, JOB_CODE, JOB_GRADE, JOB_COUNTRY, SALARY) VALUES (2, 'Robert', 'Nelson', '250', STR_TO_DATE('1988-12-28', '%Y-%m-%d' ),  '600', 'VP', 2, 'USA', 105900);
INSERT INTO EMPLOYEE (EMP_NO, FIRST_NAME, LAST_NAME, PHONE_EXT, HIRE_DATE, DEPT_NO, JOB_CODE, JOB_GRADE, JOB_COUNTRY, SALARY) VALUES (4, 'Bruce', 'Young', '233', STR_TO_DATE('1988-12-28', '%Y-%m-%d' ),  '621', 'Eng', 2, 'USA', 97500);
INSERT INTO EMPLOYEE (EMP_NO, FIRST_NAME, LAST_NAME, PHONE_EXT, HIRE_DATE, DEPT_NO, JOB_CODE, JOB_GRADE, JOB_COUNTRY, SALARY) VALUES (5, 'Kim', 'Lambert', '22', STR_TO_DATE('1989-02-06', '%Y-%m-%d' ),  '130', 'Eng', 2, 'USA', 102750);
INSERT INTO EMPLOYEE (EMP_NO, FIRST_NAME, LAST_NAME, PHONE_EXT, HIRE_DATE, DEPT_NO, JOB_CODE, JOB_GRADE, JOB_COUNTRY, SALARY) VALUES (8, 'Leslie', 'Johnson', '410', STR_TO_DATE('1989-04-05', '%Y-%m-%d' ),  '180', 'Mktg', 3, 'USA', 64635);
INSERT INTO EMPLOYEE (EMP_NO, FIRST_NAME, LAST_NAME, PHONE_EXT, HIRE_DATE, DEPT_NO, JOB_CODE, JOB_GRADE, JOB_COUNTRY, SALARY) VALUES (9, 'Phil', 'Forest', '229', STR_TO_DATE('1989-04-17', '%Y-%m-%d' ),  '622', 'Mngr', 3, 'USA', 75060);
INSERT INTO EMPLOYEE (EMP_NO, FIRST_NAME, LAST_NAME, PHONE_EXT, HIRE_DATE, DEPT_NO, JOB_CODE, JOB_GRADE, JOB_COUNTRY, SALARY) VALUES (11, 'K. J.', 'Weston', '34', STR_TO_DATE('1990-01-17', '%Y-%m-%d' ),  '130', 'SRep', 4, 'USA', 86292.94);
INSERT INTO EMPLOYEE (EMP_NO, FIRST_NAME, LAST_NAME, PHONE_EXT, HIRE_DATE, DEPT_NO, JOB_CODE, JOB_GRADE, JOB_COUNTRY, SALARY) VALUES (12, 'Terri', 'Lee', '256', STR_TO_DATE('1990-05-01', '%Y-%m-%d' ),  '000', 'Admin', 4, 'USA', 53793);
INSERT INTO EMPLOYEE (EMP_NO, FIRST_NAME, LAST_NAME, PHONE_EXT, HIRE_DATE, DEPT_NO, JOB_CODE, JOB_GRADE, JOB_COUNTRY, SALARY) VALUES (14, 'Stewart', 'Hall', '227', STR_TO_DATE('1990-06-04', '%Y-%m-%d' ),  '900', 'Finan', 3, 'USA', 69482.63);
INSERT INTO EMPLOYEE (EMP_NO, FIRST_NAME, LAST_NAME, PHONE_EXT, HIRE_DATE, DEPT_NO, JOB_CODE, JOB_GRADE, JOB_COUNTRY, SALARY) VALUES (15, 'Katherine', 'Young', '231', STR_TO_DATE('1990-06-14', '%Y-%m-%d' ),  '623', 'Mngr', 3, 'USA', 67241.25);
INSERT INTO EMPLOYEE (EMP_NO, FIRST_NAME, LAST_NAME, PHONE_EXT, HIRE_DATE, DEPT_NO, JOB_CODE, JOB_GRADE, JOB_COUNTRY, SALARY) VALUES (20, 'Chris', 'Papadopoulos', '887', STR_TO_DATE('1990-01-01', '%Y-%m-%d' ),  '671', 'Mngr', 3, 'USA', 89655);
INSERT INTO EMPLOYEE (EMP_NO, FIRST_NAME, LAST_NAME, PHONE_EXT, HIRE_DATE, DEPT_NO, JOB_CODE, JOB_GRADE, JOB_COUNTRY, SALARY) VALUES (24, 'Pete', 'Fisher', '888', STR_TO_DATE('1990-09-12', '%Y-%m-%d' ),  '671', 'Eng', 3, 'USA', 81810.19);
INSERT INTO EMPLOYEE (EMP_NO, FIRST_NAME, LAST_NAME, PHONE_EXT, HIRE_DATE, DEPT_NO, JOB_CODE, JOB_GRADE, JOB_COUNTRY, SALARY) VALUES (28, 'Ann', 'Bennet', '5', STR_TO_DATE('1991-02-01', '%Y-%m-%d' ),  '120', 'Admin', 5, 'England', 22935);
INSERT INTO EMPLOYEE (EMP_NO, FIRST_NAME, LAST_NAME, PHONE_EXT, HIRE_DATE, DEPT_NO, JOB_CODE, JOB_GRADE, JOB_COUNTRY, SALARY) VALUES (29, 'Roger', 'De Souza', '288', STR_TO_DATE('1991-02-18', '%Y-%m-%d' ),  '623', 'Eng', 3, 'USA', 69482.63);
INSERT INTO EMPLOYEE (EMP_NO, FIRST_NAME, LAST_NAME, PHONE_EXT, HIRE_DATE, DEPT_NO, JOB_CODE, JOB_GRADE, JOB_COUNTRY, SALARY) VALUES (34, 'Janet', 'Baldwin', '2', STR_TO_DATE('1991-03-21', '%Y-%m-%d' ),  '110', 'Sales', 3, 'USA', 61637.81);
INSERT INTO EMPLOYEE (EMP_NO, FIRST_NAME, LAST_NAME, PHONE_EXT, HIRE_DATE, DEPT_NO, JOB_CODE, JOB_GRADE, JOB_COUNTRY, SALARY) VALUES (36, 'Roger', 'Reeves', '6', STR_TO_DATE('1991-04-25', '%Y-%m-%d' ),  '120', 'Sales', 3, 'England', 33620.63);
INSERT INTO EMPLOYEE (EMP_NO, FIRST_NAME, LAST_NAME, PHONE_EXT, HIRE_DATE, DEPT_NO, JOB_CODE, JOB_GRADE, JOB_COUNTRY, SALARY) VALUES (37, 'Willie', 'Stansbury', '7', STR_TO_DATE('1991-04-25', '%Y-%m-%d' ),  '120', 'Eng', 4, 'England', 39224.06);
INSERT INTO EMPLOYEE (EMP_NO, FIRST_NAME, LAST_NAME, PHONE_EXT, HIRE_DATE, DEPT_NO, JOB_CODE, JOB_GRADE, JOB_COUNTRY, SALARY) VALUES (44, 'Leslie', 'Phong', '216', STR_TO_DATE('1991-06-03', '%Y-%m-%d' ),  '623', 'Eng', 4, 'USA', 56034.38);
INSERT INTO EMPLOYEE (EMP_NO, FIRST_NAME, LAST_NAME, PHONE_EXT, HIRE_DATE, DEPT_NO, JOB_CODE, JOB_GRADE, JOB_COUNTRY, SALARY) VALUES (45, 'Ashok', 'Ramanathan', '209', STR_TO_DATE('1991-08-01', '%Y-%m-%d' ),  '621', 'Eng', 3, 'USA', 80689.5);
INSERT INTO EMPLOYEE (EMP_NO, FIRST_NAME, LAST_NAME, PHONE_EXT, HIRE_DATE, DEPT_NO, JOB_CODE, JOB_GRADE, JOB_COUNTRY, SALARY) VALUES (46, 'Walter', 'Steadman', '210', STR_TO_DATE('1991-08-09', '%Y-%m-%d' ),  '900', 'CFO', 1, 'USA', 116100);
INSERT INTO EMPLOYEE (EMP_NO, FIRST_NAME, LAST_NAME, PHONE_EXT, HIRE_DATE, DEPT_NO, JOB_CODE, JOB_GRADE, JOB_COUNTRY, SALARY) VALUES (52, 'Carol', 'Nordstrom', '420', STR_TO_DATE('1991-10-02', '%Y-%m-%d' ),  '180', 'PRel', 4, 'USA', 42742.5);
INSERT INTO EMPLOYEE (EMP_NO, FIRST_NAME, LAST_NAME, PHONE_EXT, HIRE_DATE, DEPT_NO, JOB_CODE, JOB_GRADE, JOB_COUNTRY, SALARY) VALUES (61, 'Luke', 'Leung', '3', STR_TO_DATE('1992-02-18', '%Y-%m-%d' ),  '110', 'SRep', 4, 'USA', 68805);
INSERT INTO EMPLOYEE (EMP_NO, FIRST_NAME, LAST_NAME, PHONE_EXT, HIRE_DATE, DEPT_NO, JOB_CODE, JOB_GRADE, JOB_COUNTRY, SALARY) VALUES (65, 'Sue Anne', 'O''Brien', '877', STR_TO_DATE('1992-03-23', '%Y-%m-%d' ),  '670', 'Admin', 5, 'USA', 31275);
INSERT INTO EMPLOYEE (EMP_NO, FIRST_NAME, LAST_NAME, PHONE_EXT, HIRE_DATE, DEPT_NO, JOB_CODE, JOB_GRADE, JOB_COUNTRY, SALARY) VALUES (71, 'Jennifer M.', 'Burbank', '289', STR_TO_DATE('1992-04-15', '%Y-%m-%d' ),  '622', 'Eng', 3, 'USA', 53167.5);
INSERT INTO EMPLOYEE (EMP_NO, FIRST_NAME, LAST_NAME, PHONE_EXT, HIRE_DATE, DEPT_NO, JOB_CODE, JOB_GRADE, JOB_COUNTRY, SALARY) VALUES (72, 'Claudia', 'Sutherland', NULL, STR_TO_DATE('1992-04-20', '%Y-%m-%d' ),  '140', 'SRep', 4, 'Canada', 100914);
INSERT INTO EMPLOYEE (EMP_NO, FIRST_NAME, LAST_NAME, PHONE_EXT, HIRE_DATE, DEPT_NO, JOB_CODE, JOB_GRADE, JOB_COUNTRY, SALARY) VALUES (83, 'Dana', 'Bishop', '290', STR_TO_DATE('1992-06-01', '%Y-%m-%d' ),  '621', 'Eng', 3, 'USA', 62550);
INSERT INTO EMPLOYEE (EMP_NO, FIRST_NAME, LAST_NAME, PHONE_EXT, HIRE_DATE, DEPT_NO, JOB_CODE, JOB_GRADE, JOB_COUNTRY, SALARY) VALUES (85, 'Mary S.', 'MacDonald', '477', STR_TO_DATE('1992-06-01', '%Y-%m-%d' ),  '100', 'VP', 2, 'USA', 111262.5);
INSERT INTO EMPLOYEE (EMP_NO, FIRST_NAME, LAST_NAME, PHONE_EXT, HIRE_DATE, DEPT_NO, JOB_CODE, JOB_GRADE, JOB_COUNTRY, SALARY) VALUES (94, 'Randy', 'Williams', '892', STR_TO_DATE('1992-08-08', '%Y-%m-%d' ),  '672', 'Mngr', 4, 'USA', 56295);
INSERT INTO EMPLOYEE (EMP_NO, FIRST_NAME, LAST_NAME, PHONE_EXT, HIRE_DATE, DEPT_NO, JOB_CODE, JOB_GRADE, JOB_COUNTRY, SALARY) VALUES (105, 'Oliver H.', 'Bender', '255', STR_TO_DATE('1992-10-08', '%Y-%m-%d' ),  '000', 'CEO', 1, 'USA', 212850);
INSERT INTO EMPLOYEE (EMP_NO, FIRST_NAME, LAST_NAME, PHONE_EXT, HIRE_DATE, DEPT_NO, JOB_CODE, JOB_GRADE, JOB_COUNTRY, SALARY) VALUES (107, 'Kevin', 'Cook', '894', STR_TO_DATE('1993-02-01', '%Y-%m-%d' ),  '670', 'Dir', 2, 'USA', 111262.5);
INSERT INTO EMPLOYEE (EMP_NO, FIRST_NAME, LAST_NAME, PHONE_EXT, HIRE_DATE, DEPT_NO, JOB_CODE, JOB_GRADE, JOB_COUNTRY, SALARY) VALUES (109, 'Kelly', 'Brown', '202', STR_TO_DATE('1993-02-04', '%Y-%m-%d' ),  '600', 'Admin', 5, 'USA', 27000);
INSERT INTO EMPLOYEE (EMP_NO, FIRST_NAME, LAST_NAME, PHONE_EXT, HIRE_DATE, DEPT_NO, JOB_CODE, JOB_GRADE, JOB_COUNTRY, SALARY) VALUES (110, 'Yuki', 'Ichida', '22', STR_TO_DATE('1993-02-04', '%Y-%m-%d' ),  '115', 'Eng', 3, 'Japan', 6000000);
INSERT INTO EMPLOYEE (EMP_NO, FIRST_NAME, LAST_NAME, PHONE_EXT, HIRE_DATE, DEPT_NO, JOB_CODE, JOB_GRADE, JOB_COUNTRY, SALARY) VALUES (113, 'Mary', 'Page', '845', STR_TO_DATE('1993-04-12', '%Y-%m-%d' ),  '671', 'Eng', 4, 'USA', 48000);
INSERT INTO EMPLOYEE (EMP_NO, FIRST_NAME, LAST_NAME, PHONE_EXT, HIRE_DATE, DEPT_NO, JOB_CODE, JOB_GRADE, JOB_COUNTRY, SALARY) VALUES (114, 'Bill', 'Parker', '247', STR_TO_DATE('1993-06-01', '%Y-%m-%d' ),  '623', 'Eng', 5, 'USA', 35000);
INSERT INTO EMPLOYEE (EMP_NO, FIRST_NAME, LAST_NAME, PHONE_EXT, HIRE_DATE, DEPT_NO, JOB_CODE, JOB_GRADE, JOB_COUNTRY, SALARY) VALUES (118, 'Takashi', 'Yamamoto', '23', STR_TO_DATE('1993-07-01', '%Y-%m-%d' ),  '115', 'SRep', 4, 'Japan', 7480000);
INSERT INTO EMPLOYEE (EMP_NO, FIRST_NAME, LAST_NAME, PHONE_EXT, HIRE_DATE, DEPT_NO, JOB_CODE, JOB_GRADE, JOB_COUNTRY, SALARY) VALUES (121, 'Roberto', 'Ferrari', '1', STR_TO_DATE('1993-07-12', '%Y-%m-%d' ),  '125', 'SRep', 4, 'Italy', 99000000);
INSERT INTO EMPLOYEE (EMP_NO, FIRST_NAME, LAST_NAME, PHONE_EXT, HIRE_DATE, DEPT_NO, JOB_CODE, JOB_GRADE, JOB_COUNTRY, SALARY) VALUES (127, 'Michael', 'Yanowski', '492', STR_TO_DATE('1993-08-09', '%Y-%m-%d' ),  '100', 'SRep', 4, 'USA', 44000);
INSERT INTO EMPLOYEE (EMP_NO, FIRST_NAME, LAST_NAME, PHONE_EXT, HIRE_DATE, DEPT_NO, JOB_CODE, JOB_GRADE, JOB_COUNTRY, SALARY) VALUES (134, 'Jacques', 'Glon', NULL, STR_TO_DATE('1993-08-23', '%Y-%m-%d' ),  '123', 'SRep', 4, 'France', 390500);
INSERT INTO EMPLOYEE (EMP_NO, FIRST_NAME, LAST_NAME, PHONE_EXT, HIRE_DATE, DEPT_NO, JOB_CODE, JOB_GRADE, JOB_COUNTRY, SALARY) VALUES (136, 'Scott', 'Johnson', '265', STR_TO_DATE('1993-09-13', '%Y-%m-%d' ),  '623', 'Doc', 3, 'USA', 60000);
INSERT INTO EMPLOYEE (EMP_NO, FIRST_NAME, LAST_NAME, PHONE_EXT, HIRE_DATE, DEPT_NO, JOB_CODE, JOB_GRADE, JOB_COUNTRY, SALARY) VALUES (138, 'T.J.', 'Green', '218', STR_TO_DATE('1993-11-01', '%Y-%m-%d' ),  '621', 'Eng', 4, 'USA', 36000);
INSERT INTO EMPLOYEE (EMP_NO, FIRST_NAME, LAST_NAME, PHONE_EXT, HIRE_DATE, DEPT_NO, JOB_CODE, JOB_GRADE, JOB_COUNTRY, SALARY) VALUES (141, 'Pierre', 'Osborne', NULL, STR_TO_DATE('1994-01-03', '%Y-%m-%d' ),  '121', 'SRep', 4, 'Switzerland', 110000);
INSERT INTO EMPLOYEE (EMP_NO, FIRST_NAME, LAST_NAME, PHONE_EXT, HIRE_DATE, DEPT_NO, JOB_CODE, JOB_GRADE, JOB_COUNTRY, SALARY) VALUES (144, 'John', 'Montgomery', '820', STR_TO_DATE('1994-03-30', '%Y-%m-%d' ),  '672', 'Eng', 5, 'USA', 35000);
INSERT INTO EMPLOYEE (EMP_NO, FIRST_NAME, LAST_NAME, PHONE_EXT, HIRE_DATE, DEPT_NO, JOB_CODE, JOB_GRADE, JOB_COUNTRY, SALARY) VALUES (145, 'Mark', 'Guckenheimer', '221', STR_TO_DATE('1994-05-02', '%Y-%m-%d' ),  '622', 'Eng', 5, 'USA', 32000);

COMMIT WORK;

INSERT INTO PROJECT (PROJ_ID, PROJ_NAME, TEAM_LEADER, PRODUCT) VALUES ('VBASE', 'Video Database', 45, 'software');
INSERT INTO PROJECT (PROJ_ID, PROJ_NAME, TEAM_LEADER, PRODUCT) VALUES ('DGPII', 'DigiPizza', 24, 'other');
INSERT INTO PROJECT (PROJ_ID, PROJ_NAME, TEAM_LEADER, PRODUCT) VALUES ('GUIDE', 'AutoMap', 20, 'hardware');
INSERT INTO PROJECT (PROJ_ID, PROJ_NAME, TEAM_LEADER, PRODUCT) VALUES ('MAPDB', 'MapBrowser port', 4, 'software');
INSERT INTO PROJECT (PROJ_ID, PROJ_NAME, TEAM_LEADER, PRODUCT) VALUES ('HWRII', 'Translator upgrade', NULL, 'software');
INSERT INTO PROJECT (PROJ_ID, PROJ_NAME, TEAM_LEADER, PRODUCT) VALUES ('MKTPR', 'Marketing project 3', 85, 'N/A');

COMMIT WORK;

INSERT INTO EMPLOYEE_PROJECT (EMP_NO, PROJ_ID) VALUES (144, 'DGPII');
INSERT INTO EMPLOYEE_PROJECT (EMP_NO, PROJ_ID) VALUES (113, 'DGPII');
INSERT INTO EMPLOYEE_PROJECT (EMP_NO, PROJ_ID) VALUES (24, 'DGPII');
INSERT INTO EMPLOYEE_PROJECT (EMP_NO, PROJ_ID) VALUES (8, 'VBASE');
INSERT INTO EMPLOYEE_PROJECT (EMP_NO, PROJ_ID) VALUES (136, 'VBASE');
INSERT INTO EMPLOYEE_PROJECT (EMP_NO, PROJ_ID) VALUES (15, 'VBASE');
INSERT INTO EMPLOYEE_PROJECT (EMP_NO, PROJ_ID) VALUES (71, 'VBASE');
INSERT INTO EMPLOYEE_PROJECT (EMP_NO, PROJ_ID) VALUES (145, 'VBASE');
INSERT INTO EMPLOYEE_PROJECT (EMP_NO, PROJ_ID) VALUES (44, 'VBASE');
INSERT INTO EMPLOYEE_PROJECT (EMP_NO, PROJ_ID) VALUES (4, 'VBASE');
INSERT INTO EMPLOYEE_PROJECT (EMP_NO, PROJ_ID) VALUES (83, 'VBASE');
INSERT INTO EMPLOYEE_PROJECT (EMP_NO, PROJ_ID) VALUES (138, 'VBASE');
INSERT INTO EMPLOYEE_PROJECT (EMP_NO, PROJ_ID) VALUES (45, 'VBASE');
INSERT INTO EMPLOYEE_PROJECT (EMP_NO, PROJ_ID) VALUES (20, 'GUIDE');
INSERT INTO EMPLOYEE_PROJECT (EMP_NO, PROJ_ID) VALUES (24, 'GUIDE');
INSERT INTO EMPLOYEE_PROJECT (EMP_NO, PROJ_ID) VALUES (113, 'GUIDE');
INSERT INTO EMPLOYEE_PROJECT (EMP_NO, PROJ_ID) VALUES (8, 'GUIDE');
INSERT INTO EMPLOYEE_PROJECT (EMP_NO, PROJ_ID) VALUES (4, 'MAPDB');
INSERT INTO EMPLOYEE_PROJECT (EMP_NO, PROJ_ID) VALUES (71, 'MAPDB');
INSERT INTO EMPLOYEE_PROJECT (EMP_NO, PROJ_ID) VALUES (46, 'MKTPR');
INSERT INTO EMPLOYEE_PROJECT (EMP_NO, PROJ_ID) VALUES (105, 'MKTPR');
INSERT INTO EMPLOYEE_PROJECT (EMP_NO, PROJ_ID) VALUES (12, 'MKTPR');
INSERT INTO EMPLOYEE_PROJECT (EMP_NO, PROJ_ID) VALUES (85, 'MKTPR');
INSERT INTO EMPLOYEE_PROJECT (EMP_NO, PROJ_ID) VALUES (110, 'MKTPR');
INSERT INTO EMPLOYEE_PROJECT (EMP_NO, PROJ_ID) VALUES (34, 'MKTPR');
INSERT INTO EMPLOYEE_PROJECT (EMP_NO, PROJ_ID) VALUES (8, 'MKTPR');
INSERT INTO EMPLOYEE_PROJECT (EMP_NO, PROJ_ID) VALUES (14, 'MKTPR');
INSERT INTO EMPLOYEE_PROJECT (EMP_NO, PROJ_ID) VALUES (52, 'MKTPR');

COMMIT WORK;

INSERT INTO PROJ_DEPT_BUDGET (FISCAL_YEAR, PROJ_ID, DEPT_NO, PROJECTED_BUDGET) VALUES (1994, 'GUIDE', '100', 200000);
INSERT INTO PROJ_DEPT_BUDGET (FISCAL_YEAR, PROJ_ID, DEPT_NO, PROJECTED_BUDGET) VALUES (1994, 'GUIDE', '671', 450000);
INSERT INTO PROJ_DEPT_BUDGET (FISCAL_YEAR, PROJ_ID, DEPT_NO, PROJECTED_BUDGET) VALUES (1993, 'MAPDB', '621', 20000);
INSERT INTO PROJ_DEPT_BUDGET (FISCAL_YEAR, PROJ_ID, DEPT_NO, PROJECTED_BUDGET) VALUES (1994, 'MAPDB', '621', 40000);
INSERT INTO PROJ_DEPT_BUDGET (FISCAL_YEAR, PROJ_ID, DEPT_NO, PROJECTED_BUDGET) VALUES (1994, 'MAPDB', '622', 60000);
INSERT INTO PROJ_DEPT_BUDGET (FISCAL_YEAR, PROJ_ID, DEPT_NO, PROJECTED_BUDGET) VALUES (1994, 'MAPDB', '671', 11000);
INSERT INTO PROJ_DEPT_BUDGET (FISCAL_YEAR, PROJ_ID, DEPT_NO, PROJECTED_BUDGET) VALUES (1994, 'HWRII', '670', 20000);
INSERT INTO PROJ_DEPT_BUDGET (FISCAL_YEAR, PROJ_ID, DEPT_NO, PROJECTED_BUDGET) VALUES (1994, 'HWRII', '621', 400000);
INSERT INTO PROJ_DEPT_BUDGET (FISCAL_YEAR, PROJ_ID, DEPT_NO, PROJECTED_BUDGET) VALUES (1994, 'HWRII', '622', 100000);
INSERT INTO PROJ_DEPT_BUDGET (FISCAL_YEAR, PROJ_ID, DEPT_NO, PROJECTED_BUDGET) VALUES (1994, 'MKTPR', '623', 80000);
INSERT INTO PROJ_DEPT_BUDGET (FISCAL_YEAR, PROJ_ID, DEPT_NO, PROJECTED_BUDGET) VALUES (1994, 'MKTPR', '672', 100000);
INSERT INTO PROJ_DEPT_BUDGET (FISCAL_YEAR, PROJ_ID, DEPT_NO, PROJECTED_BUDGET) VALUES (1994, 'MKTPR', '100', 1000000);
INSERT INTO PROJ_DEPT_BUDGET (FISCAL_YEAR, PROJ_ID, DEPT_NO, PROJECTED_BUDGET) VALUES (1994, 'MKTPR', '110', 200000);
INSERT INTO PROJ_DEPT_BUDGET (FISCAL_YEAR, PROJ_ID, DEPT_NO, PROJECTED_BUDGET) VALUES (1994, 'MKTPR', '000', 100000);
INSERT INTO PROJ_DEPT_BUDGET (FISCAL_YEAR, PROJ_ID, DEPT_NO, PROJECTED_BUDGET) VALUES (1995, 'MKTPR', '623', 1200000);
INSERT INTO PROJ_DEPT_BUDGET (FISCAL_YEAR, PROJ_ID, DEPT_NO, PROJECTED_BUDGET) VALUES (1995, 'MKTPR', '672', 800000);
INSERT INTO PROJ_DEPT_BUDGET (FISCAL_YEAR, PROJ_ID, DEPT_NO, PROJECTED_BUDGET) VALUES (1995, 'MKTPR', '100', 2000000);
INSERT INTO PROJ_DEPT_BUDGET (FISCAL_YEAR, PROJ_ID, DEPT_NO, PROJECTED_BUDGET) VALUES (1995, 'MKTPR', '110', 1200000);
INSERT INTO PROJ_DEPT_BUDGET (FISCAL_YEAR, PROJ_ID, DEPT_NO, PROJECTED_BUDGET) VALUES (1994, 'VBASE', '621', 1900000);
INSERT INTO PROJ_DEPT_BUDGET (FISCAL_YEAR, PROJ_ID, DEPT_NO, PROJECTED_BUDGET) VALUES (1995, 'VBASE', '621', 900000);
INSERT INTO PROJ_DEPT_BUDGET (FISCAL_YEAR, PROJ_ID, DEPT_NO, PROJECTED_BUDGET) VALUES (1994, 'VBASE', '622', 400000);
INSERT INTO PROJ_DEPT_BUDGET (FISCAL_YEAR, PROJ_ID, DEPT_NO, PROJECTED_BUDGET) VALUES (1994, 'VBASE', '100', 300000);
INSERT INTO PROJ_DEPT_BUDGET (FISCAL_YEAR, PROJ_ID, DEPT_NO, PROJECTED_BUDGET) VALUES (1995, 'VBASE', '100', 1500000);
INSERT INTO PROJ_DEPT_BUDGET (FISCAL_YEAR, PROJ_ID, DEPT_NO, PROJECTED_BUDGET) VALUES (1996, 'VBASE', '100', 150000);

COMMIT WORK;

INSERT INTO SALARY_HISTORY (EMP_NO, CHANGE_DATE, UPDATER_ID, OLD_SALARY, PERCENT_CHANGE) VALUES (28, STR_TO_DATE('1992-12-15', '%Y-%m-%d' ),  'admin2', 20000, 10);
INSERT INTO SALARY_HISTORY (EMP_NO, CHANGE_DATE, UPDATER_ID, OLD_SALARY, PERCENT_CHANGE) VALUES (2, STR_TO_DATE('1992-12-15', '%Y-%m-%d' ),  'admin2', 98000, 8.0612);
INSERT INTO SALARY_HISTORY (EMP_NO, CHANGE_DATE, UPDATER_ID, OLD_SALARY, PERCENT_CHANGE) VALUES (4, STR_TO_DATE('1992-12-15', '%Y-%m-%d' ),  'admin2', 90000, 8.3333);
INSERT INTO SALARY_HISTORY (EMP_NO, CHANGE_DATE, UPDATER_ID, OLD_SALARY, PERCENT_CHANGE) VALUES (5, STR_TO_DATE('1992-12-15', '%Y-%m-%d' ),  'admin2', 95000, 8.1578);
INSERT INTO SALARY_HISTORY (EMP_NO, CHANGE_DATE, UPDATER_ID, OLD_SALARY, PERCENT_CHANGE) VALUES (11, STR_TO_DATE('1992-12-15', '%Y-%m-%d' ),  'admin2', 70000, 7.5);
INSERT INTO SALARY_HISTORY (EMP_NO, CHANGE_DATE, UPDATER_ID, OLD_SALARY, PERCENT_CHANGE) VALUES (12, STR_TO_DATE('1992-12-15', '%Y-%m-%d' ),  'admin2', 48000, 7.5);
INSERT INTO SALARY_HISTORY (EMP_NO, CHANGE_DATE, UPDATER_ID, OLD_SALARY, PERCENT_CHANGE) VALUES (14, STR_TO_DATE('1992-12-15', '%Y-%m-%d' ),  'admin2', 62000, 7.5);
INSERT INTO SALARY_HISTORY (EMP_NO, CHANGE_DATE, UPDATER_ID, OLD_SALARY, PERCENT_CHANGE) VALUES (15, STR_TO_DATE('1992-12-15', '%Y-%m-%d' ),  'admin2', 60000, 7.5);
INSERT INTO SALARY_HISTORY (EMP_NO, CHANGE_DATE, UPDATER_ID, OLD_SALARY, PERCENT_CHANGE) VALUES (20, STR_TO_DATE('1992-12-15', '%Y-%m-%d' ),  'admin2', 80000, 7.5);
INSERT INTO SALARY_HISTORY (EMP_NO, CHANGE_DATE, UPDATER_ID, OLD_SALARY, PERCENT_CHANGE) VALUES (24, STR_TO_DATE('1992-12-15', '%Y-%m-%d' ),  'admin2', 73000, 7.5);
INSERT INTO SALARY_HISTORY (EMP_NO, CHANGE_DATE, UPDATER_ID, OLD_SALARY, PERCENT_CHANGE) VALUES (29, STR_TO_DATE('1992-12-15', '%Y-%m-%d' ),  'admin2', 62000, 7.5);
INSERT INTO SALARY_HISTORY (EMP_NO, CHANGE_DATE, UPDATER_ID, OLD_SALARY, PERCENT_CHANGE) VALUES (34, STR_TO_DATE('1992-12-15', '%Y-%m-%d' ),  'admin2', 55000, 7.5);
INSERT INTO SALARY_HISTORY (EMP_NO, CHANGE_DATE, UPDATER_ID, OLD_SALARY, PERCENT_CHANGE) VALUES (36, STR_TO_DATE('1992-12-15', '%Y-%m-%d' ),  'admin2', 30000, 7.5);
INSERT INTO SALARY_HISTORY (EMP_NO, CHANGE_DATE, UPDATER_ID, OLD_SALARY, PERCENT_CHANGE) VALUES (37, STR_TO_DATE('1992-12-15', '%Y-%m-%d' ),  'admin2', 35000, 7.5);
INSERT INTO SALARY_HISTORY (EMP_NO, CHANGE_DATE, UPDATER_ID, OLD_SALARY, PERCENT_CHANGE) VALUES (44, STR_TO_DATE('1992-12-15', '%Y-%m-%d' ),  'admin2', 50000, 7.5);
INSERT INTO SALARY_HISTORY (EMP_NO, CHANGE_DATE, UPDATER_ID, OLD_SALARY, PERCENT_CHANGE) VALUES (45, STR_TO_DATE('1992-12-15', '%Y-%m-%d' ),  'admin2', 72000, 7.5);
INSERT INTO SALARY_HISTORY (EMP_NO, CHANGE_DATE, UPDATER_ID, OLD_SALARY, PERCENT_CHANGE) VALUES (8, STR_TO_DATE('1993-09-08', '%Y-%m-%d' ),  'elaine', 62000, 4.25);
INSERT INTO SALARY_HISTORY (EMP_NO, CHANGE_DATE, UPDATER_ID, OLD_SALARY, PERCENT_CHANGE) VALUES (9, STR_TO_DATE('1993-09-08', '%Y-%m-%d' ),  'elaine', 72000, 4.25);
INSERT INTO SALARY_HISTORY (EMP_NO, CHANGE_DATE, UPDATER_ID, OLD_SALARY, PERCENT_CHANGE) VALUES (11, STR_TO_DATE('1993-09-08', '%Y-%m-%d' ),  'elaine', 75250, 4.25);
INSERT INTO SALARY_HISTORY (EMP_NO, CHANGE_DATE, UPDATER_ID, OLD_SALARY, PERCENT_CHANGE) VALUES (12, STR_TO_DATE('1993-09-08', '%Y-%m-%d' ),  'elaine', 51600, 4.25);
INSERT INTO SALARY_HISTORY (EMP_NO, CHANGE_DATE, UPDATER_ID, OLD_SALARY, PERCENT_CHANGE) VALUES (14, STR_TO_DATE('1993-09-08', '%Y-%m-%d' ),  'elaine', 66650, 4.25);
INSERT INTO SALARY_HISTORY (EMP_NO, CHANGE_DATE, UPDATER_ID, OLD_SALARY, PERCENT_CHANGE) VALUES (15, STR_TO_DATE('1993-09-08', '%Y-%m-%d' ),  'elaine', 64500, 4.25);
INSERT INTO SALARY_HISTORY (EMP_NO, CHANGE_DATE, UPDATER_ID, OLD_SALARY, PERCENT_CHANGE) VALUES (20, STR_TO_DATE('1993-09-08', '%Y-%m-%d' ),  'elaine', 86000, 4.25);
INSERT INTO SALARY_HISTORY (EMP_NO, CHANGE_DATE, UPDATER_ID, OLD_SALARY, PERCENT_CHANGE) VALUES (24, STR_TO_DATE('1993-09-08', '%Y-%m-%d' ),  'elaine', 78475, 4.25);
INSERT INTO SALARY_HISTORY (EMP_NO, CHANGE_DATE, UPDATER_ID, OLD_SALARY, PERCENT_CHANGE) VALUES (28, STR_TO_DATE('1993-09-08', '%Y-%m-%d' ),  'elaine', 22000, 4.25);
INSERT INTO SALARY_HISTORY (EMP_NO, CHANGE_DATE, UPDATER_ID, OLD_SALARY, PERCENT_CHANGE) VALUES (29, STR_TO_DATE('1993-09-08', '%Y-%m-%d' ),  'elaine', 66650, 4.25);
INSERT INTO SALARY_HISTORY (EMP_NO, CHANGE_DATE, UPDATER_ID, OLD_SALARY, PERCENT_CHANGE) VALUES (34, STR_TO_DATE('1993-09-08', '%Y-%m-%d' ),  'elaine', 59125, 4.2499);
INSERT INTO SALARY_HISTORY (EMP_NO, CHANGE_DATE, UPDATER_ID, OLD_SALARY, PERCENT_CHANGE) VALUES (36, STR_TO_DATE('1993-09-08', '%Y-%m-%d' ),  'elaine', 32250, 4.25);
INSERT INTO SALARY_HISTORY (EMP_NO, CHANGE_DATE, UPDATER_ID, OLD_SALARY, PERCENT_CHANGE) VALUES (37, STR_TO_DATE('1993-09-08', '%Y-%m-%d' ),  'elaine', 37625, 4.2499);
INSERT INTO SALARY_HISTORY (EMP_NO, CHANGE_DATE, UPDATER_ID, OLD_SALARY, PERCENT_CHANGE) VALUES (44, STR_TO_DATE('1993-09-08', '%Y-%m-%d' ),  'elaine', 53750, 4.25);
INSERT INTO SALARY_HISTORY (EMP_NO, CHANGE_DATE, UPDATER_ID, OLD_SALARY, PERCENT_CHANGE) VALUES (45, STR_TO_DATE('1993-09-08', '%Y-%m-%d' ),  'elaine', 77400, 4.25);
INSERT INTO SALARY_HISTORY (EMP_NO, CHANGE_DATE, UPDATER_ID, OLD_SALARY, PERCENT_CHANGE) VALUES (52, STR_TO_DATE('1993-09-08', '%Y-%m-%d' ),  'elaine', 41000, 4.25);
INSERT INTO SALARY_HISTORY (EMP_NO, CHANGE_DATE, UPDATER_ID, OLD_SALARY, PERCENT_CHANGE) VALUES (61, STR_TO_DATE('1993-09-08', '%Y-%m-%d' ),  'elaine', 60000, 4.25);
INSERT INTO SALARY_HISTORY (EMP_NO, CHANGE_DATE, UPDATER_ID, OLD_SALARY, PERCENT_CHANGE) VALUES (65, STR_TO_DATE('1993-09-08', '%Y-%m-%d' ),  'elaine', 30000, 4.25);
INSERT INTO SALARY_HISTORY (EMP_NO, CHANGE_DATE, UPDATER_ID, OLD_SALARY, PERCENT_CHANGE) VALUES (71, STR_TO_DATE('1993-09-08', '%Y-%m-%d' ),  'elaine', 51000, 4.25);
INSERT INTO SALARY_HISTORY (EMP_NO, CHANGE_DATE, UPDATER_ID, OLD_SALARY, PERCENT_CHANGE) VALUES (72, STR_TO_DATE('1993-09-08', '%Y-%m-%d' ),  'elaine', 88000, 4.25);
INSERT INTO SALARY_HISTORY (EMP_NO, CHANGE_DATE, UPDATER_ID, OLD_SALARY, PERCENT_CHANGE) VALUES (83, STR_TO_DATE('1993-09-08', '%Y-%m-%d' ),  'elaine', 60000, 4.25);
INSERT INTO SALARY_HISTORY (EMP_NO, CHANGE_DATE, UPDATER_ID, OLD_SALARY, PERCENT_CHANGE) VALUES (94, STR_TO_DATE('1993-09-08', '%Y-%m-%d' ),  'elaine', 54000, 4.25);
INSERT INTO SALARY_HISTORY (EMP_NO, CHANGE_DATE, UPDATER_ID, OLD_SALARY, PERCENT_CHANGE) VALUES (46, STR_TO_DATE('1993-12-20', '%Y-%m-%d' ),  'tj', 120000, -3.25);
INSERT INTO SALARY_HISTORY (EMP_NO, CHANGE_DATE, UPDATER_ID, OLD_SALARY, PERCENT_CHANGE) VALUES (85, STR_TO_DATE('1993-12-20', '%Y-%m-%d' ),  'tj', 115000, -3.25);
INSERT INTO SALARY_HISTORY (EMP_NO, CHANGE_DATE, UPDATER_ID, OLD_SALARY, PERCENT_CHANGE) VALUES (105, STR_TO_DATE('1993-12-20', '%Y-%m-%d' ),  'tj', 220000, -3.25);
INSERT INTO SALARY_HISTORY (EMP_NO, CHANGE_DATE, UPDATER_ID, OLD_SALARY, PERCENT_CHANGE) VALUES (107, STR_TO_DATE('1993-12-20', '%Y-%m-%d' ),  'tj', 115000, -3.25);
INSERT INTO SALARY_HISTORY (EMP_NO, CHANGE_DATE, UPDATER_ID, OLD_SALARY, PERCENT_CHANGE) VALUES (11, STR_TO_DATE('1993-12-20', '%Y-%m-%d' ),  'elaine', 78448.13, 9.9999);
INSERT INTO SALARY_HISTORY (EMP_NO, CHANGE_DATE, UPDATER_ID, OLD_SALARY, PERCENT_CHANGE) VALUES (61, STR_TO_DATE('1993-12-20', '%Y-%m-%d' ),  'elaine', 62550, 10);
INSERT INTO SALARY_HISTORY (EMP_NO, CHANGE_DATE, UPDATER_ID, OLD_SALARY, PERCENT_CHANGE) VALUES (72, STR_TO_DATE('1993-12-20', '%Y-%m-%d' ),  'elaine', 91740, 10);
INSERT INTO SALARY_HISTORY (EMP_NO, CHANGE_DATE, UPDATER_ID, OLD_SALARY, PERCENT_CHANGE) VALUES (118, STR_TO_DATE('1993-12-20', '%Y-%m-%d' ),  'elaine', 6800000, 10);
INSERT INTO SALARY_HISTORY (EMP_NO, CHANGE_DATE, UPDATER_ID, OLD_SALARY, PERCENT_CHANGE) VALUES (121, STR_TO_DATE('1993-12-20', '%Y-%m-%d' ),  'elaine', 90000000, 10);
INSERT INTO SALARY_HISTORY (EMP_NO, CHANGE_DATE, UPDATER_ID, OLD_SALARY, PERCENT_CHANGE) VALUES (127, STR_TO_DATE('1993-12-20', '%Y-%m-%d' ),  'elaine', 40000, 10);
INSERT INTO SALARY_HISTORY (EMP_NO, CHANGE_DATE, UPDATER_ID, OLD_SALARY, PERCENT_CHANGE) VALUES (134, STR_TO_DATE('1993-12-20', '%Y-%m-%d' ),  'elaine', 355000, 10);

COMMIT WORK;

INSERT INTO SALES (PO_NUMBER, CUST_NO, SALES_REP, ORDER_STATUS, ORDER_DATE, SHIP_DATE, DATE_NEEDED, PAID, QTY_ORDERED, TOTAL_VALUE, DISCOUNT, ITEM_TYPE) VALUES ('V91E0210', 1004, 11, 'shipped', STR_TO_DATE('1991-03-04', '%Y-%m-%d' ),  STR_TO_DATE('1991-03-05', '%Y-%m-%d' ),  NULL, 'y', 10, 5000, 0.100000001490116, 'hardware');
INSERT INTO SALES (PO_NUMBER, CUST_NO, SALES_REP, ORDER_STATUS, ORDER_DATE, SHIP_DATE, DATE_NEEDED, PAID, QTY_ORDERED, TOTAL_VALUE, DISCOUNT, ITEM_TYPE) VALUES ('V92E0340', 1004, 11, 'shipped', STR_TO_DATE('1992-10-15', '%Y-%m-%d' ),  STR_TO_DATE('1992-10-16', '%Y-%m-%d' ),  STR_TO_DATE('1992-10-17', '%Y-%m-%d' ),  'y', 7, 70000, 0, 'hardware');
INSERT INTO SALES (PO_NUMBER, CUST_NO, SALES_REP, ORDER_STATUS, ORDER_DATE, SHIP_DATE, DATE_NEEDED, PAID, QTY_ORDERED, TOTAL_VALUE, DISCOUNT, ITEM_TYPE) VALUES ('V92J1003', 1010, 61, 'shipped', STR_TO_DATE('1992-07-26', '%Y-%m-%d' ),  STR_TO_DATE('1992-08-04', '%Y-%m-%d' ),  STR_TO_DATE('1992-09-15', '%Y-%m-%d' ),  'y', 15, 2985, 0, 'software');
INSERT INTO SALES (PO_NUMBER, CUST_NO, SALES_REP, ORDER_STATUS, ORDER_DATE, SHIP_DATE, DATE_NEEDED, PAID, QTY_ORDERED, TOTAL_VALUE, DISCOUNT, ITEM_TYPE) VALUES ('V93J2004', 1010, 118, 'shipped', STR_TO_DATE('1993-10-30', '%Y-%m-%d' ),  STR_TO_DATE('1993-12-02', '%Y-%m-%d' ),  STR_TO_DATE('1993-11-15', '%Y-%m-%d' ),  'y', 3, 210, 0, 'software');
INSERT INTO SALES (PO_NUMBER, CUST_NO, SALES_REP, ORDER_STATUS, ORDER_DATE, SHIP_DATE, DATE_NEEDED, PAID, QTY_ORDERED, TOTAL_VALUE, DISCOUNT, ITEM_TYPE) VALUES ('V93J3100', 1010, 118, 'shipped', STR_TO_DATE('1993-08-20', '%Y-%m-%d' ),  STR_TO_DATE('1993-08-20', '%Y-%m-%d' ),  NULL, 'y', 16, 18000.4, 0.100000001490116, 'software');
INSERT INTO SALES (PO_NUMBER, CUST_NO, SALES_REP, ORDER_STATUS, ORDER_DATE, SHIP_DATE, DATE_NEEDED, PAID, QTY_ORDERED, TOTAL_VALUE, DISCOUNT, ITEM_TYPE) VALUES ('V92F3004', 1012, 11, 'shipped', STR_TO_DATE('1992-10-15', '%Y-%m-%d' ),  STR_TO_DATE('1993-01-16', '%Y-%m-%d' ),  STR_TO_DATE('1993-01-16', '%Y-%m-%d' ),  'y', 3, 2000, 0, 'software');
INSERT INTO SALES (PO_NUMBER, CUST_NO, SALES_REP, ORDER_STATUS, ORDER_DATE, SHIP_DATE, DATE_NEEDED, PAID, QTY_ORDERED, TOTAL_VALUE, DISCOUNT, ITEM_TYPE) VALUES ('V93F3088', 1012, 134, 'shipped', STR_TO_DATE('1993-08-27', '%Y-%m-%d' ),  STR_TO_DATE('1993-09-08', '%Y-%m-%d' ),  NULL, 'n', 10, 10000, 0, 'software');
INSERT INTO SALES (PO_NUMBER, CUST_NO, SALES_REP, ORDER_STATUS, ORDER_DATE, SHIP_DATE, DATE_NEEDED, PAID, QTY_ORDERED, TOTAL_VALUE, DISCOUNT, ITEM_TYPE) VALUES ('V93F2030', 1012, 134, 'open', STR_TO_DATE('1993-12-12', '%Y-%m-%d' ),  NULL, NULL, 'y', 15, 450000.49, 0, 'hardware');
INSERT INTO SALES (PO_NUMBER, CUST_NO, SALES_REP, ORDER_STATUS, ORDER_DATE, SHIP_DATE, DATE_NEEDED, PAID, QTY_ORDERED, TOTAL_VALUE, DISCOUNT, ITEM_TYPE) VALUES ('V93F2051', 1012, 134, 'waiting', STR_TO_DATE('1993-12-18', '%Y-%m-%d' ),  NULL, STR_TO_DATE('1994-03-01', '%Y-%m-%d' ),  'n', 1, 999.98, 0, 'software');
INSERT INTO SALES (PO_NUMBER, CUST_NO, SALES_REP, ORDER_STATUS, ORDER_DATE, SHIP_DATE, DATE_NEEDED, PAID, QTY_ORDERED, TOTAL_VALUE, DISCOUNT, ITEM_TYPE) VALUES ('V93H0030', 1005, 118, 'open', STR_TO_DATE('1993-12-12', '%Y-%m-%d' ),  NULL, STR_TO_DATE('1994-01-01', '%Y-%m-%d' ),  'y', 20, 5980, 0.200000002980232, 'software');
INSERT INTO SALES (PO_NUMBER, CUST_NO, SALES_REP, ORDER_STATUS, ORDER_DATE, SHIP_DATE, DATE_NEEDED, PAID, QTY_ORDERED, TOTAL_VALUE, DISCOUNT, ITEM_TYPE) VALUES ('V94H0079', 1005, 61, 'open', STR_TO_DATE('1994-02-13', '%Y-%m-%d' ),  NULL, STR_TO_DATE('1994-04-20', '%Y-%m-%d' ),  'n', 10, 9000, 0.0500000007450581, 'software');
INSERT INTO SALES (PO_NUMBER, CUST_NO, SALES_REP, ORDER_STATUS, ORDER_DATE, SHIP_DATE, DATE_NEEDED, PAID, QTY_ORDERED, TOTAL_VALUE, DISCOUNT, ITEM_TYPE) VALUES ('V9324200', 1001, 72, 'shipped', STR_TO_DATE('1993-08-09', '%Y-%m-%d' ),  STR_TO_DATE('1993-08-09', '%Y-%m-%d' ),  STR_TO_DATE('1993-08-17', '%Y-%m-%d' ),  'y', 1000, 560000, 0.200000002980232, 'hardware');
INSERT INTO SALES (PO_NUMBER, CUST_NO, SALES_REP, ORDER_STATUS, ORDER_DATE, SHIP_DATE, DATE_NEEDED, PAID, QTY_ORDERED, TOTAL_VALUE, DISCOUNT, ITEM_TYPE) VALUES ('V9324320', 1001, 127, 'shipped', STR_TO_DATE('1993-08-16', '%Y-%m-%d' ),  STR_TO_DATE('1993-08-16', '%Y-%m-%d' ),  STR_TO_DATE('1993-09-01', '%Y-%m-%d' ),  'y', 1, 0, 1, 'software');
INSERT INTO SALES (PO_NUMBER, CUST_NO, SALES_REP, ORDER_STATUS, ORDER_DATE, SHIP_DATE, DATE_NEEDED, PAID, QTY_ORDERED, TOTAL_VALUE, DISCOUNT, ITEM_TYPE) VALUES ('V9320630', 1001, 127, 'open', STR_TO_DATE('1993-12-12', '%Y-%m-%d' ),  NULL, STR_TO_DATE('1993-12-15', '%Y-%m-%d' ),  'n', 3, 60000, 0.200000002980232, 'hardware');
INSERT INTO SALES (PO_NUMBER, CUST_NO, SALES_REP, ORDER_STATUS, ORDER_DATE, SHIP_DATE, DATE_NEEDED, PAID, QTY_ORDERED, TOTAL_VALUE, DISCOUNT, ITEM_TYPE) VALUES ('V9420099', 1001, 127, 'open', STR_TO_DATE('1994-01-17', '%Y-%m-%d' ),  NULL, STR_TO_DATE('1994-06-01', '%Y-%m-%d' ),  'n', 100, 3399.15, 0.150000005960464, 'software');
INSERT INTO SALES (PO_NUMBER, CUST_NO, SALES_REP, ORDER_STATUS, ORDER_DATE, SHIP_DATE, DATE_NEEDED, PAID, QTY_ORDERED, TOTAL_VALUE, DISCOUNT, ITEM_TYPE) VALUES ('V9427029', 1001, 127, 'shipped', STR_TO_DATE('1994-02-07', '%Y-%m-%d' ),  STR_TO_DATE('1994-02-10', '%Y-%m-%d' ),  STR_TO_DATE('1994-02-10', '%Y-%m-%d' ),  'n', 17, 422210.97, 0, 'hardware');
INSERT INTO SALES (PO_NUMBER, CUST_NO, SALES_REP, ORDER_STATUS, ORDER_DATE, SHIP_DATE, DATE_NEEDED, PAID, QTY_ORDERED, TOTAL_VALUE, DISCOUNT, ITEM_TYPE) VALUES ('V9333005', 1002, 11, 'shipped', STR_TO_DATE('1993-02-03', '%Y-%m-%d' ),  STR_TO_DATE('1993-03-03', '%Y-%m-%d' ),  NULL, 'y', 2, 600.5, 0, 'software');
INSERT INTO SALES (PO_NUMBER, CUST_NO, SALES_REP, ORDER_STATUS, ORDER_DATE, SHIP_DATE, DATE_NEEDED, PAID, QTY_ORDERED, TOTAL_VALUE, DISCOUNT, ITEM_TYPE) VALUES ('V9333006', 1002, 11, 'shipped', STR_TO_DATE('1993-04-27', '%Y-%m-%d' ),  STR_TO_DATE('1993-05-02', '%Y-%m-%d' ),  STR_TO_DATE('1993-05-02', '%Y-%m-%d' ),  'n', 5, 20000, 0, 'other');
INSERT INTO SALES (PO_NUMBER, CUST_NO, SALES_REP, ORDER_STATUS, ORDER_DATE, SHIP_DATE, DATE_NEEDED, PAID, QTY_ORDERED, TOTAL_VALUE, DISCOUNT, ITEM_TYPE) VALUES ('V9336100', 1002, 11, 'waiting', STR_TO_DATE('1993-12-27', '%Y-%m-%d' ),  STR_TO_DATE('1994-01-01', '%Y-%m-%d' ),  STR_TO_DATE('1994-01-01', '%Y-%m-%d' ),  'n', 150, 14850, 0.0500000007450581, 'software');
INSERT INTO SALES (PO_NUMBER, CUST_NO, SALES_REP, ORDER_STATUS, ORDER_DATE, SHIP_DATE, DATE_NEEDED, PAID, QTY_ORDERED, TOTAL_VALUE, DISCOUNT, ITEM_TYPE) VALUES ('V9346200', 1003, 11, 'waiting', STR_TO_DATE('1993-12-31', '%Y-%m-%d' ),  NULL, STR_TO_DATE('1994-01-24', '%Y-%m-%d' ),  'n', 3, 0, 1, 'software');
INSERT INTO SALES (PO_NUMBER, CUST_NO, SALES_REP, ORDER_STATUS, ORDER_DATE, SHIP_DATE, DATE_NEEDED, PAID, QTY_ORDERED, TOTAL_VALUE, DISCOUNT, ITEM_TYPE) VALUES ('V9345200', 1003, 11, 'shipped', STR_TO_DATE('1993-11-11', '%Y-%m-%d' ),  STR_TO_DATE('1993-12-02', '%Y-%m-%d' ),  STR_TO_DATE('1993-12-01', '%Y-%m-%d' ),  'y', 900, 27000, 0.300000011920929, 'software');
INSERT INTO SALES (PO_NUMBER, CUST_NO, SALES_REP, ORDER_STATUS, ORDER_DATE, SHIP_DATE, DATE_NEEDED, PAID, QTY_ORDERED, TOTAL_VALUE, DISCOUNT, ITEM_TYPE) VALUES ('V9345139', 1003, 127, 'shipped', STR_TO_DATE('1993-09-09', '%Y-%m-%d' ),  STR_TO_DATE('1993-09-20', '%Y-%m-%d' ),  STR_TO_DATE('1993-10-01', '%Y-%m-%d' ),  'y', 20, 12582.12, 0.100000001490116, 'software');
INSERT INTO SALES (PO_NUMBER, CUST_NO, SALES_REP, ORDER_STATUS, ORDER_DATE, SHIP_DATE, DATE_NEEDED, PAID, QTY_ORDERED, TOTAL_VALUE, DISCOUNT, ITEM_TYPE) VALUES ('V93C0120', 1006, 72, 'shipped', STR_TO_DATE('1993-03-22', '%Y-%m-%d' ),  STR_TO_DATE('1993-05-31', '%Y-%m-%d' ),  STR_TO_DATE('1993-04-17', '%Y-%m-%d' ),  'y', 1, 47.5, 0, 'other');
INSERT INTO SALES (PO_NUMBER, CUST_NO, SALES_REP, ORDER_STATUS, ORDER_DATE, SHIP_DATE, DATE_NEEDED, PAID, QTY_ORDERED, TOTAL_VALUE, DISCOUNT, ITEM_TYPE) VALUES ('V93C0990', 1006, 72, 'shipped', STR_TO_DATE('1993-08-09', '%Y-%m-%d' ),  STR_TO_DATE('1993-09-02', '%Y-%m-%d' ),  NULL, 'y', 40, 399960.5, 0.100000001490116, 'hardware');
INSERT INTO SALES (PO_NUMBER, CUST_NO, SALES_REP, ORDER_STATUS, ORDER_DATE, SHIP_DATE, DATE_NEEDED, PAID, QTY_ORDERED, TOTAL_VALUE, DISCOUNT, ITEM_TYPE) VALUES ('V9456220', 1007, 127, 'open', STR_TO_DATE('1994-01-04', '%Y-%m-%d' ),  NULL, STR_TO_DATE('1994-01-30', '%Y-%m-%d' ),  'y', 1, 3999.99, 0, 'hardware');
INSERT INTO SALES (PO_NUMBER, CUST_NO, SALES_REP, ORDER_STATUS, ORDER_DATE, SHIP_DATE, DATE_NEEDED, PAID, QTY_ORDERED, TOTAL_VALUE, DISCOUNT, ITEM_TYPE) VALUES ('V93S4702', 1011, 121, 'shipped', STR_TO_DATE('1993-10-27', '%Y-%m-%d' ),  STR_TO_DATE('1993-10-28', '%Y-%m-%d' ),  STR_TO_DATE('1993-12-15', '%Y-%m-%d' ),  'y', 4, 120000, 0, 'hardware');
INSERT INTO SALES (PO_NUMBER, CUST_NO, SALES_REP, ORDER_STATUS, ORDER_DATE, SHIP_DATE, DATE_NEEDED, PAID, QTY_ORDERED, TOTAL_VALUE, DISCOUNT, ITEM_TYPE) VALUES ('V94S6400', 1011, 141, 'waiting', STR_TO_DATE('1994-01-06', '%Y-%m-%d' ),  NULL, STR_TO_DATE('1994-02-15', '%Y-%m-%d' ),  'y', 20, 1980.72, 0.400000005960464, 'software');
INSERT INTO SALES (PO_NUMBER, CUST_NO, SALES_REP, ORDER_STATUS, ORDER_DATE, SHIP_DATE, DATE_NEEDED, PAID, QTY_ORDERED, TOTAL_VALUE, DISCOUNT, ITEM_TYPE) VALUES ('V93H3009', 1008, 61, 'shipped', STR_TO_DATE('1993-08-01', '%Y-%m-%d' ),  STR_TO_DATE('1993-12-02', '%Y-%m-%d' ),  STR_TO_DATE('1993-12-01', '%Y-%m-%d' ),  'n', 3, 9000, 0.0500000007450581, 'software');
INSERT INTO SALES (PO_NUMBER, CUST_NO, SALES_REP, ORDER_STATUS, ORDER_DATE, SHIP_DATE, DATE_NEEDED, PAID, QTY_ORDERED, TOTAL_VALUE, DISCOUNT, ITEM_TYPE) VALUES ('V93H0500', 1008, 61, 'open', STR_TO_DATE('1993-12-12', '%Y-%m-%d' ),  NULL, STR_TO_DATE('1993-12-15', '%Y-%m-%d' ),  'n', 3, 16000, 0.200000002980232, 'hardware');
INSERT INTO SALES (PO_NUMBER, CUST_NO, SALES_REP, ORDER_STATUS, ORDER_DATE, SHIP_DATE, DATE_NEEDED, PAID, QTY_ORDERED, TOTAL_VALUE, DISCOUNT, ITEM_TYPE) VALUES ('V93F0020', 1009, 61, 'shipped', STR_TO_DATE('1993-10-10', '%Y-%m-%d' ),  STR_TO_DATE('1993-11-11', '%Y-%m-%d' ),  STR_TO_DATE('1993-11-11', '%Y-%m-%d' ),  'n', 1, 490.69, 0, 'software');
INSERT INTO SALES (PO_NUMBER, CUST_NO, SALES_REP, ORDER_STATUS, ORDER_DATE, SHIP_DATE, DATE_NEEDED, PAID, QTY_ORDERED, TOTAL_VALUE, DISCOUNT, ITEM_TYPE) VALUES ('V93I4700', 1013, 121, 'open', STR_TO_DATE('1993-10-27', '%Y-%m-%d' ),  NULL, STR_TO_DATE('1993-12-15', '%Y-%m-%d' ),  'n', 5, 2693, 0, 'hardware');
INSERT INTO SALES (PO_NUMBER, CUST_NO, SALES_REP, ORDER_STATUS, ORDER_DATE, SHIP_DATE, DATE_NEEDED, PAID, QTY_ORDERED, TOTAL_VALUE, DISCOUNT, ITEM_TYPE) VALUES ('V93B1002', 1014, 134, 'shipped', STR_TO_DATE('1993-09-20', '%Y-%m-%d' ),  STR_TO_DATE('1993-09-21', '%Y-%m-%d' ),  STR_TO_DATE('1993-09-25', '%Y-%m-%d' ),  'y', 1, 100.02, 0, 'software');
INSERT INTO SALES (PO_NUMBER, CUST_NO, SALES_REP, ORDER_STATUS, ORDER_DATE, SHIP_DATE, DATE_NEEDED, PAID, QTY_ORDERED, TOTAL_VALUE, DISCOUNT, ITEM_TYPE) VALUES ('V93N5822', 1015, 134, 'shipped', STR_TO_DATE('1993-12-18', '%Y-%m-%d' ),  STR_TO_DATE('1994-01-14', '%Y-%m-%d' ),  NULL, 'n', 2, 1500, 0, 'software');

COMMIT WORK;



#Unique Constraints

ALTER TABLE DEPARTMENT ADD UNIQUE (DEPARTMENT);
ALTER TABLE PROJECT ADD UNIQUE (PROJ_NAME);


#Primary Keys

ALTER TABLE COUNTRY ADD PRIMARY KEY (COUNTRY);
#ALTER TABLE CUSTOMER ADD PRIMARY KEY (CUST_NO);
ALTER TABLE DEPARTMENT ADD PRIMARY KEY (DEPT_NO);
#ALTER TABLE EMPLOYEE ADD PRIMARY KEY (EMP_NO);
ALTER TABLE EMPLOYEE_PROJECT ADD PRIMARY KEY (EMP_NO, PROJ_ID);
ALTER TABLE JOB ADD PRIMARY KEY (JOB_CODE, JOB_GRADE, JOB_COUNTRY);
ALTER TABLE PROJECT ADD PRIMARY KEY (PROJ_ID);
ALTER TABLE PROJ_DEPT_BUDGET ADD PRIMARY KEY (FISCAL_YEAR, PROJ_ID, DEPT_NO);
ALTER TABLE SALARY_HISTORY ADD PRIMARY KEY (EMP_NO, CHANGE_DATE, UPDATER_ID);
ALTER TABLE SALES ADD PRIMARY KEY (PO_NUMBER);


#Foreign Keys

ALTER TABLE CUSTOMER ADD FOREIGN KEY (COUNTRY) REFERENCES COUNTRY (COUNTRY);
ALTER TABLE DEPARTMENT ADD FOREIGN KEY (HEAD_DEPT) REFERENCES DEPARTMENT (DEPT_NO);
ALTER TABLE DEPARTMENT ADD FOREIGN KEY (MNGR_NO) REFERENCES EMPLOYEE (EMP_NO);
ALTER TABLE EMPLOYEE ADD FOREIGN KEY (DEPT_NO) REFERENCES DEPARTMENT (DEPT_NO);
ALTER TABLE EMPLOYEE ADD FOREIGN KEY (JOB_CODE, JOB_GRADE, JOB_COUNTRY) REFERENCES JOB (JOB_CODE, JOB_GRADE, JOB_COUNTRY);
ALTER TABLE EMPLOYEE_PROJECT ADD FOREIGN KEY (EMP_NO) REFERENCES EMPLOYEE (EMP_NO);
ALTER TABLE EMPLOYEE_PROJECT ADD FOREIGN KEY (PROJ_ID) REFERENCES PROJECT (PROJ_ID);
ALTER TABLE JOB ADD FOREIGN KEY (JOB_COUNTRY) REFERENCES COUNTRY (COUNTRY);
ALTER TABLE PROJECT ADD FOREIGN KEY (TEAM_LEADER) REFERENCES EMPLOYEE (EMP_NO);
ALTER TABLE PROJ_DEPT_BUDGET ADD FOREIGN KEY (DEPT_NO) REFERENCES DEPARTMENT (DEPT_NO);
ALTER TABLE PROJ_DEPT_BUDGET ADD FOREIGN KEY (PROJ_ID) REFERENCES PROJECT (PROJ_ID);
ALTER TABLE SALARY_HISTORY ADD FOREIGN KEY (EMP_NO) REFERENCES EMPLOYEE (EMP_NO);
ALTER TABLE SALES ADD FOREIGN KEY (CUST_NO) REFERENCES CUSTOMER (CUST_NO);
ALTER TABLE SALES ADD FOREIGN KEY (SALES_REP) REFERENCES EMPLOYEE (EMP_NO);


#Indices

CREATE INDEX CUSTNAMEX ON CUSTOMER (CUSTOMER);
CREATE INDEX CUSTREGION ON CUSTOMER (COUNTRY, CITY);
CREATE INDEX BUDGETX ON DEPARTMENT (BUDGET);
CREATE INDEX NAMEX ON EMPLOYEE (LAST_NAME, FIRST_NAME);
CREATE INDEX MAXSALX ON JOB (JOB_COUNTRY, MAX_SALARY);
CREATE INDEX MINSALX ON JOB (JOB_COUNTRY, MIN_SALARY);
CREATE UNIQUE INDEX PRODTYPEX ON PROJECT (PRODUCT, PROJ_NAME);
CREATE INDEX CHANGEX ON SALARY_HISTORY (CHANGE_DATE);
CREATE INDEX UPDATERX ON SALARY_HISTORY (UPDATER_ID);
CREATE INDEX NEEDX ON SALES (DATE_NEEDED);
CREATE INDEX QTYX ON SALES (ITEM_TYPE, QTY_ORDERED);
CREATE INDEX SALESTATX ON SALES (ORDER_STATUS, PAID);

#misc

#UPDATE employee SET FULL_NAME   = concat(last_name,  ', ',  first_name);
#UPDATE SALARY_HISTORY SET   NEW_SALARY = round(old_salary + old_salary * percent_change / 100, 2);
#update SALES  SET AGED = (ship_date - order_date);

#Triggers


delimiter |

CREATE TRIGGER SET_SALARY_CHANGE AFTER UPDATE ON employee
    FOR EACH ROW BEGIN
    IF NEW.SALARY!=OLD.SALARY THEN
        INSERT INTO salary_history (EMP_NO, CHANGE_DATE, UPDATER_ID, OLD_SALARY, PERCENT_CHANGE)
        VALUES (NEW.EMP_NO, CURRENT_DATE,  CURRENT_USER, OLD.SALARY, (NEW.SALARY-OLD.SALARY)*100/OLD.SALARY);
    END IF;
END;
|

delimiter ;
